{
    "faces":[33,0,1,3,2,0,0,0,0,33,2,3,7,6,1,1,1,1,33,6,7,5,4,2,2,2,2,33,1,0,4,5,3,3,3,3,33,4,0,2,6,4,4,4,4,33,7,3,1,5,5,5,5,5],
    "vertices":[-0.793109,4.98891e-05,1.914,-0.793109,2.00005,1.914,-0.793109,4.98295e-05,-0.0860019,-0.793109,2.00005,-0.086002,1.20689,4.98891e-05,1.914,1.20689,2.00005,1.914,1.20689,4.98295e-05,-0.0860019,1.20689,2.00005,-0.086002],
    "normals":[-1,0,0,0,-2.98023e-08,-1,1,0,0,0,5.96046e-08,1,0,-1,2.98023e-08,0,1,0],
    "uvs":[],
    "metadata":{
        "version":3,
        "uvs":0,
        "generator":"io_three",
        "faces":6,
        "vertices":8,
        "type":"Geometry",
        "normals":6
    }
}